Place,Jumper,Country,Jump1,Jump2,Points,Event_id
1,PASCHKE Pius,Niemcy,131.5,138.5,317.1,1
2,TSCHOFENIG Daniel ,Austria,132.5,132.5,309.2,1
3,ORTNER Maximilian,Austria,132,131.5,307.1,1
4,KRAFT Stefan,Austria,133,130,306,1
5,HOERL Jan,Austria,128.5,130,300.9,1
6,LANISEK Anze,Słowenia,130,127,296,1
7,SUNDAL Kristoffer Eriksen,Norwegia,134.5,126.5,295.6,1
8,DESCHWANDEN Gregor,Szwajcaria,127,125,293.2,1
9,FORFANG Johann Andre,Norwegia,123.5,133,292.6,1
10,FRANTZ Tate,USA,135.5,124.5,292.2,1
11,GRANERUD Halvor Egner,Norwegia,138,126.5,290.7,1
12,WELLINGER Andreas,Niemcy,118.5,136,285.9,1
12,FETTNER Manuel,Austria,129,122,285.9,1
14,WĄSEK Paweł,Polska,128.5,132,285.3,1
15,HAYBOECK Michael,Austria,130,123.5,284.7,1
16,KOBAYASHI Ryoyu,Japonia,121,134.5,283.5,1
17,GEIGER Karl,Niemcy,127,122.5,283.2,1
18,LINDVIK Marius,Norwegia,131,120.5,282.8,1
19,VILLUMSTAD Fredrik,Norwegia,123.5,130,281.3,1
20,AIGRO Artti,Estonia,133,126,281.2,1
21,EMBACHER Stephan,Austria,130.5,121.5,280.1,1
22,RAIMUND Philipp,Niemcy,125,124.5,276.5,1
23,ZNISZCZOŁ Aleksander,Polska,121.5,131.5,276.2,1
24,EISENBICHLER Markus,Niemcy,118.5,129,275.3,1
25,NIKAIDO Ren,Japonia,129,125,274.8,1
26,KUBACKI Dawid,Polska,123,128,274.1,1
27,LEYHE Stephan,Niemcy,125,131.5,273.5,1
28,TITTEL Adrian,Niemcy,124,128,272.4,1
29,PEDERSEN Robin,Norwegia,125.5,121.5,271.9,1
30,IPCIOGLU Fatih Arda,Turcja,120.5,124.5,256.4,1
31,ZOGRAFSKI Władimir,Bułgaria,124,0,123.9,1
32,BICKNER Kevin,USA,117.5,0,123.2,1
33,JOHANSSON Robert,Norwegia,123.5,0,123.1,1
34,MOGEL Zak,Słowenia,121,0,122.8,1
35,STOCH Kamil,Polska,122,0,121.1,1
36,JOERGENSEN Sindre Ulven,Norwegia,121,0,119.2,1
37,PEIER Killian,Szwajcaria,119,0,117.6,1
37,BELSHAW Erik,USA,119,0,117.6,1
39,KOBAYASHI Junshiro,Japonia,120,0,116.9,1
40,AALTO Antti,Finlandia,121.5,0,116.6,1
40,MARUSIAK Jewhen,Ukraina,121,0,116.6,1
42,KOT Maciej,Polska,114,0,115.3,1
43,NAKAMURA Naoki,Japonia,109,0,115.2,1
44,ZAJC Timi,Słowenia,112.5,0,114.8,1
45,TRUNZ Felix,Szwajcaria,114,0,113.2,1
46,AMMANN Simon,Szwajcaria,117,0,111.9,1
46,KOS Lovro,Słowenia,113,0,111.9,1
48,KOUDELKA Roman,Czechy,120,0,111.5,1
49,VALTO Kasperi ,Finlandia,105.5,0,99.4,1
50,KYTOSAHO Niko,Finlandia,110,0,90.2,1
1,HOERL Jan,Austria,137,139.5,285.3,2
2,PASCHKE Pius,Niemcy,136.5,136,277.8,2
3,TSCHOFENIG Daniel ,Austria,136.5,135,273.8,2
4,KRAFT Stefan,Austria,139,133.5,273.1,2
5,DESCHWANDEN Gregor,Szwajcaria,135,132,259.7,2
6,SUNDAL Kristoffer Eriksen,Norwegia,129,130,252.3,2
7,WELLINGER Andreas,Niemcy,130.5,131,251.7,2
8,ORTNER Maximilian,Austria,129.5,129,248.2,2
9,FETTNER Manuel,Austria,132.5,128,246.7,2
10,FRANTZ Tate,USA,131.5,124.5,246.5,2
11,LINDVIK Marius,Norwegia,128.5,125,244.5,2
12,GRANERUD Halvor Egner,Norwegia,129,125,239.8,2
13,GEIGER Karl,Niemcy,126,126.5,238.1,2
14,FORFANG Johann Andre,Norwegia,127,127,237.8,2
15,LANISEK Anze,Słowenia,127.5,120,237.7,2
16,ZAJC Timi,Słowenia,126,124.5,234,2
17,KOBAYASHI Ryoyu,Japonia,129,122.5,233.7,2
18,LEYHE Stephan,Niemcy,128,125,230.8,2
19,AIGRO Artti,Estonia,125,124.5,230.3,2
20,VILLUMSTAD Fredrik,Norwegia,123,121.5,226.9,2
21,FOUBERT Valentin,Francja,120.5,121.5,222.6,2
22,HAYBOECK Michael,Austria,129,118,219.1,2
23,WĄSEK Paweł,Polska,125.5,120,218.9,2
24,BICKNER Kevin,USA,120,125.5,217,2
25,ZNISZCZOŁ Aleksander,Polska,126.5,117,216.4,2
26,RAIMUND Philipp,Niemcy,121.5,121.5,213.5,2
27,EMBACHER Stephan,Austria,123,114.5,206.6,2
28,STOCH Kamil,Polska,118.5,119.5,205.5,2
29,ZOGRAFSKI Władimir,Bułgaria,117,117.5,201.1,2
30,AMMANN Simon,Szwajcaria,118,113.5,198.3,2
31,IPCIOGLU Fatih Arda,Turcja,117,0,96.2,2
32,EISENBICHLER Markus,Niemcy,114.5,0,95.1,2
33,KUBACKI Dawid,Polska,115,0,94.3,2
34,JOHANSSON Robert,Norwegia,114,0,94.2,2
35,TRUNZ Felix,Szwajcaria,114,0,92.7,2
36,MARUSIAK Jewhen,Ukraina,110,0,92.2,2
37,MOGEL Zak,Słowenia,112,0,89.4,2
38,KOBAYASHI Junshiro,Japonia,111,0,89.2,2
39,NIKAIDO Ren,Japonia,111,0,88.8,2
40,VALTO Kasperi ,Finlandia,111.5,0,87,2
41,KOUDELKA Roman,Czechy,109.5,0,85.7,2
42,URLAUB Andrew,USA,109.5,0,80.9,2
43,KOT Maciej,Polska,102.5,0,78.7,2
44,NAKAMURA Naoki,Japonia,106,0,77.1,2
45,MILESI Enzo,Francja,105.5,0,73,2
46,PEIER Killian,Szwajcaria,99,0,66.6,2
47,CECON Francesco,Włochy,95.5,0,63.9,2
48,KOS Lovro,Słowenia,96,0,62.1,2
49,AALTO Antti,Finlandia,97,0,61.3,2
DSQ,LARSON Casey,USA,0,0,0,2
1,PASCHKE Pius,Niemcy,143.5,143,326.6,3
2,HOERL Jan,Austria,138,141.5,317.7,3
3,KRAFT Stefan,Austria,135,147,315.2,3
4,SUNDAL Kristoffer Eriksen,Norwegia,138.5,140,309.7,3
5,WELLINGER Andreas,Niemcy,141,141,303,3
6,TSCHOFENIG Daniel ,Austria,134,140,299.6,3
7,ORTNER Maximilian,Austria,138.5,138,299.3,3
8,EISENBICHLER Markus,Niemcy,135,142,297,3
9,ZAJC Timi,Słowenia,121,146,296,3
10,LINDVIK Marius,Norwegia,137,144.5,294.5,3
11,DESCHWANDEN Gregor,Szwajcaria,134.5,140,292.7,3
12,HAYBOECK Michael,Austria,138,137,292,3
13,ZNISZCZOŁ Aleksander,Polska,135.5,135,290.6,3
14,NIKAIDO Ren,Japonia,133,136.5,284.7,3
15,PREVC Domen,Słowenia,135,137.5,281.8,3
16,KOBAYASHI Ryoyu,Japonia,130,142.5,278.5,3
17,FETTNER Manuel,Austria,137.5,130.5,278.1,3
18,LANISEK Anze,Słowenia,138,128,274.3,3
19,FORFANG Johann Andre,Norwegia,131.5,135,269.6,3
20,FOUBERT Valentin,Francja,130.5,131,264.5,3
21,FRANTZ Tate,USA,122.5,137.5,261.4,3
22,KOS Lovro,Słowenia,129.5,131.5,258.8,3
23,ZOGRAFSKI Władimir,Bułgaria,128.5,130,252,3
24,TITTEL Adrian,Niemcy,129,128,251.2,3
25,VILLUMSTAD Fredrik,Norwegia,121.5,136,250,3
26,GEIGER Karl,Niemcy,126,125.5,248,3
27,STOCH Kamil,Polska,133,120.5,247.3,3
28,COLBY Jason,USA,127.5,126.5,246.1,3
29,MOGEL Zak,Słowenia,123.5,125.5,234.6,3
30,NAKAMURA Naoki,Japonia,126.5,106.5,198.7,3
31,BEDIR Muhammed Ali,Turcja,118.5,0,111.8,3
32,LARSON Casey,USA,116,0,111.5,3
33,KUBACKI Dawid,Polska,119.5,0,110.4,3
34,ROMPPAINEN Paavo ,Finlandia,118.5,0,108.5,3
35,MAATTA Jarkko,Finlandia,120.5,0,104,3
36,AMMANN Simon,Szwajcaria,117.5,0,102.4,3
37,RAIMUND Philipp,Niemcy,115,0,93.8,3
38,WASILJEW Danił,Kazachstan,112,0,92.3,3
39,AALTO Antti,Finlandia,110.5,0,92,3
40,KOBAYASHI Junshiro,Japonia,114.5,0,91.5,3
41,INSAM Alex,Włochy,109.5,0,82,3
42,WOLNY Jakub,Polska,107,0,81.1,3
43,PALOSAARI Vilho ,Finlandia,108.5,0,80.6,3
44,EMBACHER Stephan,Austria,106,0,77.2,3
45,IPCIOGLU Fatih Arda,Turcja,101,0,64.9,3
46,SATO Keiichi,Japonia,94,0,63.7,3
47,CECON Francesco,Włochy,91,0,54.7,3
48,VALTO Kasperi ,Finlandia,89.5,0,44.3,3
49,AIGRO Artti,Estonia,75,0,26.7,3
50,WĄSEK Paweł,Polska,75.5,0,12.7,3
1,WELLINGER Andreas,Niemcy,146.5,0,143.4,4
2,KRAFT Stefan,Austria,145,0,138,4
3,GEIGER Karl,Niemcy,136.5,0,134.3,4
4,TSCHOFENIG Daniel ,Austria,140,0,129.9,4
5,AIGRO Artti,Estonia,136,0,128.1,4
6,DESCHWANDEN Gregor,Szwajcaria,139.5,0,126.1,4
7,PASCHKE Pius,Niemcy,144,0,126,4
8,NIKAIDO Ren,Japonia,134.5,0,125.3,4
9,LINDVIK Marius,Norwegia,137.5,0,124.4,4
10,KUBACKI Dawid,Polska,130.5,0,120.8,4
11,AALTO Antti,Finlandia,130.5,0,118.5,4
12,JOHANSSON Robert,Norwegia,128,0,117.3,4
13,KYTOSAHO Niko,Finlandia,130,0,117,4
14,STOCH Kamil,Polska,127.5,0,112.3,4
15,WĄSEK Paweł,Polska,124.5,0,111.6,4
16,ORTNER Maximilian,Austria,129.5,0,110.6,4
17,LANISEK Anze,Słowenia,131,0,109.4,4
18,WASILJEW Danił,Kazachstan,126.5,0,108.8,4
19,FETTNER Manuel,Austria,131,0,108.7,4
20,HOERL Jan,Austria,127.5,0,108,4
21,MOGEL Zak,Słowenia,123.5,0,106.8,4
22,NAKAMURA Naoki,Japonia,123,0,104.5,4
23,FOUBERT Valentin,Francja,121,0,98.1,4
24,KOBAYASHI Ryoyu,Japonia,118.5,0,96.7,4
25,MIZIERNYCH Ilja,Kazachstan,117,0,96.6,4
26,RAIMUND Philipp,Niemcy,114.5,0,93.7,4
27,SUNDAL Kristoffer Eriksen,Norwegia,125,0,93.5,4
28,ZOGRAFSKI Władimir,Bułgaria,112.5,0,89.4,4
29,EMBACHER Stephan,Austria,114,0,88.5,4
30,AMMANN Simon,Szwajcaria,115.5,0,86.5,4
31,LARSON Casey,USA,113,0,80.3,4
32,FRANTZ Tate,USA,118,0,79.7,4
33,TITTEL Adrian,Niemcy,107.5,0,75.9,4
34,VALTO Kasperi ,Finlandia,108,0,73.8,4
35,ZNISZCZOŁ Aleksander,Polska,104,0,70.8,4
36,PEIER Killian,Szwajcaria,108,0,70.4,4
37,SONG Qiwu,Chiny,107,0,69.4,4
38,TRUNZ Felix,Szwajcaria,104.5,0,64.4,4
39,ZAJC Timi,Słowenia,99.5,0,59.2,4
40,COLBY Jason,USA,98.5,0,50.8,4
41,FORFANG Johann Andre,Norwegia,96.5,0,48.6,4
42,BICKNER Kevin,USA,94.5,0,46.2,4
43,EISENBICHLER Markus,Niemcy,94.5,0,44,4
44,LEYHE Stephan,Niemcy,91,0,40.1,4
45,INSAM Alex,Włochy,90,0,39.1,4
46,PREVC Domen,Słowenia,80,0,20.2,4
47,KOS Lovro,Słowenia,79,0,19.6,4
48,GRANERUD Halvor Egner,Norwegia,71.5,0,1.5,4
49,HAYBOECK Michael,Austria,70,0,0,4
DSQ,VILLUMSTAD Fredrik,Norwegia,0,0,0,4
1,TSCHOFENIG Daniel ,Austria,132,135.5,276.8,5
2,DESCHWANDEN Gregor,Szwajcaria,126,131,275.4,5
3,PASCHKE Pius,Niemcy,127,127,273.9,5
4,HOERL Jan,Austria,124,129,271.3,5
5,SUNDAL Kristoffer Eriksen,Norwegia,129.5,131.5,270.5,5
6,GRANERUD Halvor Egner,Norwegia,128,127.5,265.8,5
7,KRAFT Stefan,Austria,123,127,265.5,5
8,GEIGER Karl,Niemcy,124.5,131,264.5,5
9,VILLUMSTAD Fredrik,Norwegia,125,130,264.4,5
10,NIKAIDO Ren,Japonia,128.5,119,262.5,5
11,WĄSEK Paweł,Polska,125.5,125,261.5,5
12,HAYBOECK Michael,Austria,125.5,129,261.2,5
13,FETTNER Manuel,Austria,127,128,260.6,5
14,RAIMUND Philipp,Niemcy,122.5,127,258.5,5
15,ORTNER Maximilian,Austria,119,129,256.7,5
16,ZNISZCZOŁ Aleksander,Polska,120.5,127.5,256.2,5
17,LINDVIK Marius,Norwegia,117.5,129,253.1,5
18,LEYHE Stephan,Niemcy,124.5,130,252.9,5
19,LANISEK Anze,Słowenia,122,126.5,252.7,5
20,ZAJC Timi,Słowenia,124,129,251.8,5
21,AIGRO Artti,Estonia,121,128.5,250.4,5
22,WELLINGER Andreas,Niemcy,122,127.5,249.7,5
23,KOBAYASHI Ryoyu,Japonia,118,120.5,247.2,5
24,FOUBERT Valentin,Francja,125.5,119,246.3,5
25,KUBACKI Dawid,Polska,122,125,244.5,5
26,WOLNY Jakub,Polska,116,121.5,239.6,5
27,ZOGRAFSKI Władimir,Bułgaria,125.5,124,239.1,5
28,EMBACHER Stephan,Austria,123,120,234.8,5
29,NAKAMURA Naoki,Japonia,119,116.5,234.7,5
30,KYTOSAHO Niko,Finlandia,120,119,232.3,5
31,AALTO Antti,Finlandia,118,0,114.8,5
32,JOHANSSON Robert,Norwegia,118.5,0,114.6,5
33,STOCH Kamil,Polska,120.5,0,114.5,5
34,KOT Maciej,Polska,119.5,0,112.2,5
35,ŻYŁA Piotr,Polska,119,0,111,5
36,FORFANG Johann Andre,Norwegia,115,0,109.7,5
37,WASILJEW Danił,Kazachstan,121.5,0,109,5
38,VALTO Kasperi ,Finlandia,115,0,108.6,5
39,PEIER Killian,Szwajcaria,119,0,108,5
40,EISENBICHLER Markus,Niemcy,115.5,0,107.2,5
41,LARSON Casey,USA,117.5,0,106,5
42,MARUSIAK Jewhen,Ukraina,111,0,104.9,5
43,TRUNZ Felix,Szwajcaria,115.5,0,104.7,5
44,KOUDELKA Roman,Czechy,117,0,104.1,5
45,KOBAYASHI Junshiro,Japonia,112,0,103.4,5
46,MOGEL Zak,Słowenia,105,0,97.8,5
47,AMMANN Simon,Szwajcaria,113,0,97,5
48,ROMPPAINEN Paavo ,Finlandia,112.5,0,95.9,5
49,MIZIERNYCH Ilja,Kazachstan,113,0,94.3,5
50,KOS Lovro,Słowenia,104.5,0,75.4,5
1,PASCHKE Pius,Niemcy,136,133.5,298.6,6
2,HOERL Jan,Austria,135,134,290.1,6
3,KRAFT Stefan,Austria,134,129,286.1,6
4,TSCHOFENIG Daniel ,Austria,132,131,285,6
5,ZAJC Timi,Słowenia,132,130.5,277.4,6
6,NIKAIDO Ren,Japonia,128.5,131.5,276.6,6
7,WELLINGER Andreas,Niemcy,131,131,275.8,6
8,DESCHWANDEN Gregor,Szwajcaria,132,131,273.9,6
8,SUNDAL Kristoffer Eriksen,Norwegia,128,130,273.9,6
10,LINDVIK Marius,Norwegia,130,130,271.5,6
11,WĄSEK Paweł,Polska,127,131,271.4,6
12,ZNISZCZOŁ Aleksander,Polska,128.5,131,271.2,6
13,KOBAYASHI Ryoyu,Japonia,128,131,267,6
14,GEIGER Karl,Niemcy,129,127.5,266.5,6
15,ORTNER Maximilian,Austria,126,132,266.1,6
16,HAYBOECK Michael,Austria,124.5,129,265.1,6
17,FETTNER Manuel,Austria,127.5,128,263.7,6
18,WOLNY Jakub,Polska,127.5,127,261.7,6
19,KUBACKI Dawid,Polska,125.5,124,260.5,6
20,PEIER Killian,Szwajcaria,127,124.5,258.7,6
20,LEYHE Stephan,Niemcy,125,128,258.7,6
22,VILLUMSTAD Fredrik,Norwegia,126.5,123,258.3,6
23,AIGRO Artti,Estonia,127,128,257.7,6
24,LANISEK Anze,Słowenia,123.5,126.5,256.7,6
25,STOCH Kamil,Polska,126,125.5,254.8,6
26,ŻYŁA Piotr,Polska,125,126.5,252.5,6
27,FORFANG Johann Andre,Norwegia,121.5,128,251.6,6
28,AALTO Antti,Finlandia,125,126.5,248.3,6
29,ZOGRAFSKI Władimir,Bułgaria,123.5,125,247.8,6
30,KYTOSAHO Niko,Finlandia,125,123,247.6,6
31,FOUBERT Valentin,Francja,122.5,0,124.3,6
32,GRANERUD Halvor Egner,Norwegia,121,0,123.7,6
33,FRANTZ Tate,USA,122,0,123.6,6
34,MARUSIAK Jewhen,Ukraina,124,0,121.9,6
35,RAIMUND Philipp,Niemcy,121,0,121.4,6
36,VALTO Kasperi ,Finlandia,123,0,120.8,6
37,INSAM Alex,Włochy,123,0,120.6,6
38,EISENBICHLER Markus,Niemcy,119.5,0,119,6
38,IPCIOGLU Fatih Arda,Turcja,123.5,0,119,6
40,TITTEL Adrian,Niemcy,121.5,0,115.6,6
41,AMMANN Simon,Szwajcaria,121,0,115,6
42,BICKNER Kevin,USA,121.5,0,114.7,6
43,KOT Maciej,Polska,119.5,0,113.7,6
44,NAKAMURA Naoki,Japonia,118,0,113.1,6
45,JOHANSSON Robert,Norwegia,119,0,112,6
46,EMBACHER Stephan,Austria,116.5,0,110,6
47,LARSON Casey,USA,117,0,109.4,6
48,KOBAYASHI Junshiro,Japonia,114,0,102.6,6
DSQ,PREVC Domen,Słowenia,0,0,0,6
DSQ,MIZIERNYCH Ilja,Kazachstan,0,0,0,6
1,PASCHKE Pius,Niemcy,144,138,294.1,7
2,DESCHWANDEN Gregor,Szwajcaria,142.5,136.5,287.7,7
3,TSCHOFENIG Daniel ,Austria,137.5,137,281.7,7
4,WELLINGER Andreas,Niemcy,140,134,280,7
5,ZAJC Timi,Słowenia,135.5,139,277.4,7
6,HOERL Jan,Austria,137,134,273.9,7
7,SUNDAL Kristoffer Eriksen,Norwegia,139,131,270.6,7
8,ORTNER Maximilian,Austria,132.5,137.5,270,7
9,ZNISZCZOŁ Aleksander,Polska,135,135,267,7
10,LANISEK Anze,Słowenia,133.5,131,265.7,7
11,KRAFT Stefan,Austria,135,132,265.6,7
12,HAYBOECK Michael,Austria,133,132,263.9,7
13,LINDVIK Marius,Norwegia,131.5,135.5,263.4,7
14,GEIGER Karl,Niemcy,133.5,134,263.3,7
15,WĄSEK Paweł,Polska,132.5,132,263,7
16,PEIER Killian,Szwajcaria,132,130,262.5,7
17,KOBAYASHI Ryoyu,Japonia,134,133.5,261.3,7
18,FORFANG Johann Andre,Norwegia,134,131,259.5,7
19,GRANERUD Halvor Egner,Norwegia,136,127,258.6,7
20,IPCIOGLU Fatih Arda,Turcja,132,134.5,250,7
21,EISENBICHLER Markus,Niemcy,128,133.5,249.3,7
22,WOLNY Jakub,Polska,131,130.5,246.5,7
23,FETTNER Manuel,Austria,127.5,138,245.9,7
24,STOCH Kamil,Polska,127,135,244.9,7
25,LEYHE Stephan,Niemcy,132.5,119,238.4,7
26,MARUSIAK Jewhen,Ukraina,129,125,234.3,7
27,FRANTZ Tate,USA,127,125,233.5,7
28,SATO Keiichi,Japonia,123,128,227.8,7
29,ZOGRAFSKI Władimir,Bułgaria,127.5,125,227.3,7
30,TITTEL Adrian,Niemcy,129,119,226.2,7
31,BELSHAW Erik,USA,125,0,111.3,7
32,NAKAMURA Naoki,Japonia,121,0,110.8,7
33,BICKNER Kevin,USA,126.5,0,110.1,7
34,RAIMUND Philipp,Niemcy,125,0,109.6,7
35,MIZIERNYCH Ilja,Kazachstan,125.5,0,109.3,7
36,NIKAIDO Ren,Japonia,121.5,0,107.6,7
37,KUBACKI Dawid,Polska,119.5,0,106.8,7
38,VALTO Kasperi ,Finlandia,118.5,0,106.5,7
39,AALTO Antti,Finlandia,122,0,105.9,7
40,WASILJEW Danił,Kazachstan,122,0,105.1,7
41,KYTOSAHO Niko,Finlandia,120,0,102.8,7
42,VILLUMSTAD Fredrik,Norwegia,120,0,100.4,7
43,AMMANN Simon,Szwajcaria,121,0,100,7
44,PREVC Domen,Słowenia,129.5,0,97.2,7
45,BEDIR Muhammed Ali,Turcja,117.5,0,94.6,7
46,FOUBERT Valentin,Francja,116,0,93.9,7
47,LARSON Casey,USA,110,0,86.4,7
48,URLAUB Andrew,USA,110,0,84.8,7
49,TRUNZ Felix,Szwajcaria,113,0,83.2,7
DSQ,AIGRO Artti,Estonia,0,0,0,7
1,PASCHKE Pius,Niemcy,141.5,142,290.4,8
2,HAYBOECK Michael,Austria,145,143,290,8
3,SUNDAL Kristoffer Eriksen,Norwegia,143,140,284.7,8
4,LANISEK Anze,Słowenia,139,142.5,284.3,8
5,HOERL Jan,Austria,135,143,277.9,8
6,FETTNER Manuel,Austria,138,145,277.7,8
7,LINDVIK Marius,Norwegia,141.5,138.5,276.4,8
8,WOLNY Jakub,Polska,138.5,140.5,274.3,8
9,KRAFT Stefan,Austria,140,136,274.1,8
10,DESCHWANDEN Gregor,Szwajcaria,136,138.5,272.9,8
11,FORFANG Johann Andre,Norwegia,138.5,138,269.7,8
12,MARUSIAK Jewhen,Ukraina,137.5,139,268.3,8
13,EISENBICHLER Markus,Niemcy,137,138,267.6,8
14,WELLINGER Andreas,Niemcy,130,136,264.5,8
15,TSCHOFENIG Daniel ,Austria,135,134.5,260.9,8
16,KOBAYASHI Ryoyu,Japonia,132.5,136,258.5,8
17,GEIGER Karl,Niemcy,132.5,135.5,258,8
18,NIKAIDO Ren,Japonia,139,130.5,254,8
19,ZNISZCZOŁ Aleksander,Polska,137.5,129,252.1,8
20,GRANERUD Halvor Egner,Norwegia,129,139.5,251.6,8
21,ORTNER Maximilian,Austria,135,129.5,250.8,8
22,PREVC Domen,Słowenia,129.5,134,243,8
23,FOUBERT Valentin,Francja,126,131,238.7,8
24,VILLUMSTAD Fredrik,Norwegia,129.5,132,237.6,8
25,STOCH Kamil,Polska,132,127,236.5,8
26,FRANTZ Tate,USA,133.5,123,232.1,8
27,ZAJC Timi,Słowenia,135,119.5,230.6,8
28,AALTO Antti,Finlandia,129.5,123.5,229.3,8
29,JOHANSSON Robert,Norwegia,128.5,117,221.2,8
30,RAIMUND Philipp,Niemcy,126,121,220.1,8
31,LEYHE Stephan,Niemcy,130,0,115.9,8
32,PEIER Killian,Szwajcaria,126.5,0,114.2,8
33,VALTO Kasperi ,Finlandia,126,0,110.9,8
34,ZOGRAFSKI Władimir,Bułgaria,122.5,0,110.3,8
35,NAKAMURA Naoki,Japonia,124,0,110.2,8
36,TITTEL Adrian,Niemcy,125,0,109.5,8
36,WĄSEK Paweł,Polska,125.5,0,109.5,8
38,BICKNER Kevin,USA,126,0,108.5,8
39,AIGRO Artti,Estonia,123,0,108.2,8
40,SATO Keiichi,Japonia,127,0,108.1,8
41,KUBACKI Dawid,Polska,124.5,0,106.2,8
42,BELSHAW Erik,USA,122,0,104.3,8
43,AMMANN Simon,Szwajcaria,125.5,0,104.2,8
44,KOBAYASHI Junshiro,Japonia,121,0,100.1,8
45,MIZIERNYCH Ilja,Kazachstan,120,0,99.5,8
46,TRUNZ Felix,Szwajcaria,119,0,95.4,8
47,IPCIOGLU Fatih Arda,Turcja,116.5,0,91.7,8
48,URLAUB Andrew,USA,118,0,87.2,8
49,KYTOSAHO Niko,Finlandia,113,0,82.2,8
50,WASILJEW Danił,Kazachstan,114,0,78.9,8
1,HOERL Jan,Austria,142,138.5,310.5,9
2,TSCHOFENIG Daniel ,Austria,142.5,135.5,304,9
3,DESCHWANDEN Gregor,Szwajcaria,133.5,138.5,298.7,9
4,WELLINGER Andreas,Niemcy,128,140,291.5,9
5,GEIGER Karl,Niemcy,134.5,132.5,291.1,9
6,LANISEK Anze,Słowenia,136.5,133,290.5,9
7,FORFANG Johann Andre,Norwegia,140,130.5,288.6,9
8,ZOGRAFSKI Władimir,Bułgaria,137,136,286.7,9
9,ORTNER Maximilian,Austria,129,127,282,9
10,PASCHKE Pius,Niemcy,134,125.5,280.8,9
11,WĄSEK Paweł,Polska,137,123.5,279.2,9
12,HAYBOECK Michael,Austria,125,132.5,278.9,9
13,KOBAYASHI Ryoyu,Japonia,127,138,277.4,9
14,KRAFT Stefan,Austria,124,132,276.6,9
15,SUNDAL Kristoffer Eriksen,Norwegia,131,130.5,274.8,9
16,FOUBERT Valentin,Francja,132,130,273.1,9
17,ZNISZCZOŁ Aleksander,Polska,128,134,271.6,9
18,STOCH Kamil,Polska,131.5,128,269.9,9
19,NIKAIDO Ren,Japonia,130.5,129,267.8,9
20,OESTVOLD Benjamin,Norwegia,124.5,129,263.4,9
21,AIGRO Artti,Estonia,130,130,261.9,9
22,PEIER Killian,Szwajcaria,129,130,261.5,9
23,EMBACHER Stephan,Austria,129,123.5,259.9,9
24,MUELLER Markus,Austria,132.5,120,256.9,9
25,GRANERUD Halvor Egner,Norwegia,124.5,117.5,247.4,9
26,VILLUMSTAD Fredrik,Norwegia,128,113.5,247,9
27,RAIMUND Philipp,Niemcy,128,116,226.3,9
28,ZAJC Timi,Słowenia,127,108.5,222.4,9
29,ŻYŁA Piotr,Polska,130,0,134.5,9
30,MARUSIAK Jewhen,Ukraina,126,0,126.8,9
31,KYTOSAHO Niko,Finlandia,127,0,126.4,9
32,AALTO Antti,Finlandia,126,0,125.1,9
33,WOLNY Jakub,Polska,123.5,0,124.9,9
34,BICKNER Kevin,USA,122,0,123.6,9
35,LEYHE Stephan,Niemcy,123.5,0,122.6,9
36,NAKAMURA Naoki,Japonia,117,0,122,9
37,KOBAYASHI Junshiro,Japonia,123.5,0,120.1,9
38,PREVC Domen,Słowenia,120,0,117.6,9
39,LINDVIK Marius,Norwegia,116,0,117.2,9
40,INSAM Alex,Włochy,123,0,114.6,9
41,WASILJEW Danił,Kazachstan,115,0,113.1,9
42,FRANTZ Tate,USA,119,0,113,9
43,ROMPPAINEN Paavo ,Finlandia,121.5,0,112.5,9
44,EISENBICHLER Markus,Niemcy,119,0,110.8,9
45,KOS Lovro,Słowenia,116,0,110.1,9
46,VALTO Kasperi ,Finlandia,119,0,109.7,9
47,BELSHAW Erik,USA,120.5,0,109.5,9
48,MIZIERNYCH Ilja,Kazachstan,113,0,105.7,9
49,TITTEL Adrian,Niemcy,111,0,104.9,9
50,SATO Keiichi,Japonia,116,0,103.8,9
1,TSCHOFENIG Daniel ,Austria,135,137.5,274.8,10
2,HOERL Jan,Austria,130,138.5,269.7,10
3,KRAFT Stefan,Austria,135,135,268,10
4,FORFANG Johann Andre,Norwegia,131.5,137.5,264.9,10
5,DESCHWANDEN Gregor,Szwajcaria,134,136,264.4,10
6,ORTNER Maximilian,Austria,134,134,260.8,10
7,SUNDAL Kristoffer Eriksen,Norwegia,133,134.5,253.5,10
8,OESTVOLD Benjamin,Norwegia,121.5,137,250.9,10
9,GEIGER Karl,Niemcy,133.5,132.5,250,10
10,ZAJC Timi,Słowenia,132,129.5,248.2,10
11,MUELLER Markus,Austria,128,128.5,247.3,10
12,KOBAYASHI Ryoyu,Japonia,121,134.5,242.8,10
13,PEIER Killian,Szwajcaria,123,127.5,240.9,10
14,ZNISZCZOŁ Aleksander,Polska,120,134,240.5,10
15,HAYBOECK Michael,Austria,132,124,236.4,10
15,WELLINGER Andreas,Niemcy,130.5,124.5,236.4,10
17,ŻYŁA Piotr,Polska,120,132,236.2,10
18,PASCHKE Pius,Niemcy,123,129,232.9,10
19,LINDVIK Marius,Norwegia,132,119.5,229.6,10
20,WĄSEK Paweł,Polska,123.5,122.5,227.6,10
20,FOUBERT Valentin,Francja,119.5,127,227.6,10
22,KOS Lovro,Słowenia,122.5,127,227.4,10
23,LANISEK Anze,Słowenia,131,120.5,224.9,10
24,NIKAIDO Ren,Japonia,127,123,224.8,10
25,AALTO Antti,Finlandia,123.5,121.5,224.2,10
26,ZOGRAFSKI Władimir,Bułgaria,126,115.5,223.3,10
27,WOLNY Jakub,Polska,118.5,123.5,219.1,10
28,AIGRO Artti,Estonia,115,124.5,218.3,10
29,VILLUMSTAD Fredrik,Norwegia,112,123.5,214.1,10
30,BICKNER Kevin,USA,116.5,116.5,197.8,10
31,KOUDELKA Roman,Czechy,115,0,104.4,10
32,GRANERUD Halvor Egner,Norwegia,113.5,0,103.9,10
33,LEYHE Stephan,Niemcy,112,0,103.1,10
34,FRANTZ Tate,USA,110,0,102.7,10
35,INSAM Alex,Włochy,115,0,100.3,10
36,WASSER Yanick,Szwajcaria,117,0,100.2,10
37,STOCH Kamil,Polska,114.5,0,99.7,10
38,KOBAYASHI Junshiro,Japonia,115.5,0,97.6,10
39,LARSON Casey,USA,112.5,0,96.6,10
40,EMBACHER Stephan,Austria,110.5,0,95.5,10
41,TITTEL Adrian,Niemcy,109.5,0,95.4,10
42,NAKAMURA Naoki,Japonia,110.5,0,94.4,10
42,VALTO Kasperi ,Finlandia,113,0,94.4,10
44,JELAR Ziga,Słowenia,106,0,87.9,10
45,RAIMUND Philipp,Niemcy,101.5,0,87.6,10
46,PREVC Domen,Słowenia,104,0,85.4,10
47,EISENBICHLER Markus,Niemcy,96,0,78.6,10
48,URLAUB Andrew,USA,98.5,0,72.6,10
49,KYTOSAHO Niko,Finlandia,98,0,70.3,10
DSQ,CECON Francesco,Włochy,0,0,0,10
1,KRAFT Stefan,Austria,138,135.5,335.1,11
2,HOERL Jan,Austria,134.5,135,331.6,11
3,TSCHOFENIG Daniel ,Austria,131,140.5,323.6,11
4,PASCHKE Pius,Niemcy,138,133.5,321.3,11
5,FORFANG Johann Andre,Norwegia,140,136,318.9,11
6,DESCHWANDEN Gregor,Szwajcaria,140,136.5,318.6,11
7,SUNDAL Kristoffer Eriksen,Norwegia,134,135.5,302.9,11
8,HAYBOECK Michael,Austria,134.5,129.5,300,11
8,GEIGER Karl,Niemcy,135,137,300,11
10,WĄSEK Paweł,Polska,137,130,297.8,11
11,ORTNER Maximilian,Austria,126.5,126.5,293.3,11
12,PEIER Killian,Szwajcaria,131.5,132.5,292.9,11
13,OESTVOLD Benjamin,Norwegia,131.5,131,291.7,11
14,MUELLER Markus,Austria,137.5,126.5,291.1,11
15,LANISEK Anze,Słowenia,133.5,131,291,11
16,GRANERUD Halvor Egner,Norwegia,136,127,290.7,11
17,NAKAMURA Naoki,Japonia,126,140.5,290.3,11
18,KOBAYASHI Ryoyu,Japonia,127,133.5,286.8,11
19,FRANTZ Tate,USA,131,127.5,286.7,11
20,WELLINGER Andreas,Niemcy,129,132.5,286.2,11
21,AIGRO Artti,Estonia,130,130,285.3,11
22,BICKNER Kevin,USA,134,126,282.6,11
23,NIKAIDO Ren,Japonia,125,142,280.3,11
24,VILLUMSTAD Fredrik,Norwegia,132,131,278.5,11
25,ZAJC Timi,Słowenia,133,123.5,274.8,11
26,LINDVIK Marius,Norwegia,127,129,272,11
27,ZOGRAFSKI Władimir,Bułgaria,123,133,269.1,11
28,FOUBERT Valentin,Francja,125.5,128,264.9,11
29,KOS Lovro,Słowenia,126,129,261.5,11
30,WOLNY Jakub,Polska,121,129,252.4,11
31,KYTOSAHO Niko,Finlandia,130.5,0,134.9,11
32,PREVC Domen,Słowenia,129,0,134.1,11
33,MARUSIAK Jewhen,Ukraina,126,0,132.7,11
34,INSAM Alex,Włochy,128,0,132,11
35,IPCIOGLU Fatih Arda,Turcja,125.5,0,130,11
36,ZNISZCZOŁ Aleksander,Polska,123,0,128.9,11
36,SATO Keiichi,Japonia,126.5,0,128.9,11
38,KOBAYASHI Sakutaro,Japonia,121,0,125.7,11
39,EMBACHER Stephan,Austria,119,0,124.7,11
40,RAIMUND Philipp,Niemcy,119.5,0,123.9,11
41,ŻYŁA Piotr,Polska,120.5,0,123.7,11
42,MIZIERNYCH Ilja,Kazachstan,123.5,0,122.6,11
43,TRUNZ Felix,Szwajcaria,114.5,0,120.6,11
44,TITTEL Adrian,Niemcy,119.5,0,119.8,11
45,AALTO Antti,Finlandia,117.5,0,119.3,11
46,JELAR Ziga,Słowenia,113,0,118.9,11
47,NAITO Tomofumi,Japonia,116.5,0,116,11
48,LEYHE Stephan,Niemcy,114.5,0,113.4,11
49,VALTO Kasperi ,Finlandia,111,0,110.6,11
50,LARSON Casey,USA,106.5,0,98.4,11
1,TSCHOFENIG Daniel ,Austria,141.5,143,298.9,12
2,DESCHWANDEN Gregor,Szwajcaria,138,140.5,290.3,12
3,HAYBOECK Michael,Austria,145,137.5,289,12
4,LANISEK Anze,Słowenia,139.5,140.5,288.3,12
5,HOERL Jan,Austria,134,142.5,283,12
6,GEIGER Karl,Niemcy,137,138.5,282.7,12
7,FORFANG Johann Andre,Norwegia,136.5,137.5,281.1,12
8,KRAFT Stefan,Austria,131.5,140.5,278.7,12
9,PASCHKE Pius,Niemcy,129,143.5,275.9,12
10,WELLINGER Andreas,Niemcy,126.5,134,274,12
11,SUNDAL Kristoffer Eriksen,Norwegia,129.5,135.5,269.9,12
12,NAKAMURA Naoki,Japonia,129.5,131.5,269.5,12
13,NIKAIDO Ren,Japonia,139.5,134,268.8,12
14,GRANERUD Halvor Egner,Norwegia,133,135,267.1,12
15,FRANTZ Tate,USA,131,132.5,266.7,12
16,WĄSEK Paweł,Polska,127,132.5,263.6,12
17,ORTNER Maximilian,Austria,133,131.5,262.9,12
18,OESTVOLD Benjamin,Norwegia,133,133,257.4,12
19,RAIMUND Philipp,Niemcy,129.5,131,255.3,12
20,LINDVIK Marius,Norwegia,128.5,137,254,12
21,FOUBERT Valentin,Francja,131,132.5,252,12
22,VILLUMSTAD Fredrik,Norwegia,127,135,251.6,12
23,AIGRO Artti,Estonia,129.5,132,247.4,12
24,PREVC Domen,Słowenia,133,123.5,247.1,12
25,HOFFMANN Felix,Niemcy,124,132.5,245.6,12
26,ZOGRAFSKI Władimir,Bułgaria,128.5,129,242.2,12
27,JELAR Ziga,Słowenia,133,117.5,233.3,12
28,KOBAYASHI Ryoyu,Japonia,125,126.5,233.2,12
29,ŻYŁA Piotr,Polska,120,128.5,227.6,12
30,PEIER Killian,Szwajcaria,117,130,223.2,12
31,TRUNZ Felix,Szwajcaria,130,0,119.9,12
32,EISENBICHLER Markus,Niemcy,129,0,119.5,12
33,EMBACHER Stephan,Austria,128,0,119.3,12
34,SCHMID Constantin,Niemcy,122,0,118.5,12
35,KOBAYASHI Sakutaro,Japonia,128,0,117.4,12
36,LEYHE Stephan,Niemcy,125,0,116.6,12
37,SATO Keiichi,Japonia,127,0,116.4,12
38,ROTH Luca,Niemcy,122,0,114,12
39,KYTOSAHO Niko,Finlandia,126.5,0,113.3,12
40,MUELLER Markus,Austria,122,0,112.7,12
41,MARUSIAK Jewhen,Ukraina,122,0,111.9,12
42,IPCIOGLU Fatih Arda,Turcja,125.5,0,111.7,12
43,KOUDELKA Roman,Czechy,123.5,0,109.6,12
44,LARSON Casey,USA,122.5,0,108.2,12
45,KUBACKI Dawid,Polska,121.5,0,106.4,12
46,WOLNY Jakub,Polska,114,0,103.6,12
47,ZAJC Timi,Słowenia,117.5,0,99.9,12
48,KOS Lovro,Słowenia,106,0,80.2,12
DSQ,BICKNER Kevin,USA,0,0,0,12
DSQ,ZNISZCZOŁ Aleksander,Polska,0,0,0,12
1,KRAFT Stefan,Austria,131.5,132.5,273.3,13
2,HOERL Jan,Austria,134,132,271.9,13
3,TSCHOFENIG Daniel ,Austria,132.5,127.5,263.3,13
4,DESCHWANDEN Gregor,Szwajcaria,126,129,254.4,13
5,WĄSEK Paweł,Polska,129,129.5,253.8,13
6,FORFANG Johann Andre,Norwegia,130.5,122,252.5,13
7,ORTNER Maximilian,Austria,128.5,125.5,251.1,13
8,PASCHKE Pius,Niemcy,128.5,123.5,250.3,13
9,PREVC Domen,Słowenia,129,123.5,245.8,13
10,LANISEK Anze,Słowenia,127.5,125,244.6,13
11,MUELLER Markus,Austria,130,129,242.8,13
12,HAYBOECK Michael,Austria,125.5,131,242.7,13
13,WELLINGER Andreas,Niemcy,127,124.5,241.1,13
14,SUNDAL Kristoffer Eriksen,Norwegia,128.5,123,239.4,13
15,RAIMUND Philipp,Niemcy,124,128.5,239.3,13
16,FETTNER Manuel,Austria,125,128.5,238.7,13
17,ZAJC Timi,Słowenia,131,119,237.2,13
18,VILLUMSTAD Fredrik,Norwegia,124.5,126.5,235.2,13
19,OESTVOLD Benjamin,Norwegia,126.5,124,235,13
20,KOBAYASHI Ryoyu,Japonia,127,120.5,233.1,13
21,NAKAMURA Naoki,Japonia,125.5,122.5,232.9,13
22,BICKNER Kevin,USA,125.5,121.5,228.4,13
23,FRANTZ Tate,USA,125.5,122.5,228.2,13
24,WOLNY Jakub,Polska,120.5,126.5,223.8,13
25,KYTOSAHO Niko,Finlandia,125,118,222,13
26,KUBACKI Dawid,Polska,121.5,122.5,220,13
27,LINDVIK Marius,Norwegia,123.5,119.5,219.9,13
28,KOUDELKA Roman,Czechy,117.5,124.5,215.4,13
29,KOBAYASHI Sakutaro,Japonia,125,117.5,215,13
30,AIGNER Clemens,Austria,119,120,211.3,13
31,ZNISZCZOŁ Aleksander,Polska,125.5,0,113.4,13
32,GRANERUD Halvor Egner,Norwegia,124,0,112.3,13
33,AALTO Antti,Finlandia,123,0,111,13
34,GEIGER Karl,Niemcy,124,0,110.1,13
35,IPCIOGLU Fatih Arda,Turcja,122,0,109.2,13
36,EMBACHER Stephan,Austria,120.5,0,107.9,13
37,SATO Keiichi,Japonia,121.5,0,107.3,13
38,KALINICZENKO Witalij,Ukraina,124.5,0,107,13
39,FOUBERT Valentin,Francja,118,0,105.2,13
40,PEIER Killian,Szwajcaria,117.5,0,101.9,13
41,INSAM Alex,Włochy,119,0,101.3,13
42,ZOGRAFSKI Władimir,Bułgaria,117.5,0,98.9,13
42,KOS Lovro,Słowenia,117.5,0,98.9,13
44,HOFFMANN Felix,Niemcy,115.5,0,97.9,13
45,TITTEL Adrian,Niemcy,114,0,96.4,13
46,MIZIERNYCH Ilja,Kazachstan,114,0,93.9,13
47,SCHUSTER Jonas,Austria,109.5,0,86.9,13
48,ŻYŁA Piotr,Polska,110,0,84.7,13
49,JELAR Ziga,Słowenia,107.5,0,77.8,13
50,URLAUB Andrew,USA,103,0,72.4,13
1,TSCHOFENIG Daniel ,Austria,136,140.5,308.6,14
2,HOERL Jan,Austria,140.5,143,306.5,14
3,KRAFT Stefan,Austria,136,137.5,303.2,14
4,FORFANG Johann Andre,Norwegia,139.5,139.5,301.7,14
5,ORTNER Maximilian,Austria,134,137.5,300,14
6,OESTVOLD Benjamin,Norwegia,137.5,139,298.2,14
7,HAYBOECK Michael,Austria,138,140,296.9,14
8,WĄSEK Paweł,Polska,137.5,139,294.1,14
9,WELLINGER Andreas,Niemcy,133,135.5,290.9,14
10,NIKAIDO Ren,Japonia,135.5,136.5,289.9,14
11,DESCHWANDEN Gregor,Szwajcaria,133.5,138,288.6,14
12,PASCHKE Pius,Niemcy,133,133.5,286.5,14
13,FRANTZ Tate,USA,137,130.5,282.6,14
14,BICKNER Kevin,USA,135,137,281.2,14
15,RAIMUND Philipp,Niemcy,128,131,280.9,14
16,SUNDAL Kristoffer Eriksen,Norwegia,128.5,129.5,278.8,14
17,MUELLER Markus,Austria,132,133,276.2,14
18,LANISEK Anze,Słowenia,128,128.5,275.1,14
19,PREVC Domen,Słowenia,138.5,126.5,274.2,14
20,FETTNER Manuel,Austria,128.5,137,272.6,14
21,GRANERUD Halvor Egner,Norwegia,134.5,124.5,271.5,14
22,EMBACHER Stephan,Austria,128.5,132.5,271.1,14
23,GEIGER Karl,Niemcy,126,134.5,270.9,14
24,KOBAYASHI Ryoyu,Japonia,134,126,270.4,14
25,PEIER Killian,Szwajcaria,120.5,136,267,14
26,ZAJC Timi,Słowenia,136.5,127,266.5,14
27,ZOGRAFSKI Władimir,Bułgaria,125.5,130.5,262.2,14
28,KUBACKI Dawid,Polska,128.5,124.5,261.6,14
29,ZNISZCZOŁ Aleksander,Polska,127.5,134.5,258.3,14
30,LINDVIK Marius,Norwegia,125.5,116.5,233.2,14
31,NAKAMURA Naoki,Japonia,126,0,134.2,14
32,VILLUMSTAD Fredrik,Norwegia,129.5,0,130.7,14
33,TITTEL Adrian,Niemcy,125,0,125.9,14
34,FOUBERT Valentin,Francja,126,0,125,14
35,AIGRO Artti,Estonia,125,0,124.6,14
36,KOUDELKA Roman,Czechy,127.5,0,124.1,14
36,HOFFMANN Felix,Niemcy,127.5,0,124.1,14
38,AIGNER Clemens,Austria,125,0,124,14
39,JELAR Ziga,Słowenia,123.5,0,123.6,14
40,SATO Keiichi,Japonia,128,0,121.9,14
41,NAITO Tomofumi,Japonia,123.5,0,120.4,14
42,KOBAYASHI Sakutaro,Japonia,124,0,119.5,14
43,SCHUSTER Jonas,Austria,122,0,118.9,14
44,LANDERER Hannes,Austria,125.5,0,117.7,14
45,KOS Lovro,Słowenia,122,0,117.1,14
46,INSAM Alex,Włochy,118,0,116,14
47,IPCIOGLU Fatih Arda,Turcja,125,0,115.5,14
48,ŻYŁA Piotr,Polska,121,0,108.6,14
49,URLAUB Andrew,USA,103.5,0,86.5,14
50,KYTOSAHO Niko,Finlandia,101.5,0,80.4,14
1,TSCHOFENIG Daniel ,Austria,136,139.5,316.7,16
2,FORFANG Johann Andre,Norwegia,137,136,309.4,16
3,HOERL Jan,Austria,136,140,309.3,16
4,LANISEK Anze,Słowenia,145,130,305.2,16
5,WĄSEK Paweł,Polska,136,137,300.3,16
6,HAYBOECK Michael,Austria,136,133.5,298.5,16
7,KRAFT Stefan,Austria,131.5,137,297.4,16
8,GEIGER Karl,Niemcy,134,134,294,16
9,DESCHWANDEN Gregor,Szwajcaria,134.5,136,293.1,16
10,ZOGRAFSKI Władimir,Bułgaria,137.5,130.5,287.9,16
11,WELLINGER Andreas,Niemcy,133,132,283.7,16
12,FOUBERT Valentin,Francja,131.5,132,281.7,16
13,ORTNER Maximilian,Austria,131.5,131.5,280.4,16
14,ZAJC Timi,Słowenia,132.5,131,280.3,16
15,BICKNER Kevin,USA,134,132.5,280,16
16,NIKAIDO Ren,Japonia,132,134,279.6,16
17,FETTNER Manuel,Austria,130.5,133,277.5,16
18,LINDVIK Marius,Norwegia,131.5,130,276.2,16
18,SUNDAL Kristoffer Eriksen,Norwegia,131.5,131.5,276.2,16
20,GRANERUD Halvor Egner,Norwegia,129,130,275.4,16
21,RAIMUND Philipp,Niemcy,129,130,275.2,16
22,PEIER Killian,Szwajcaria,128,132,275.1,16
23,PREVC Domen,Słowenia,135,128.5,274.5,16
24,STOCH Kamil,Polska,133,125.5,269.2,16
25,FRANTZ Tate,USA,131,124.5,265.7,16
26,KUBACKI Dawid,Polska,132,120,257.2,16
27,NAKAMURA Naoki,Japonia,132,121.5,255.6,16
28,AIGRO Artti,Estonia,128,123.5,255.2,16
29,EMBACHER Stephan,Austria,125.5,121,249.3,16
30,INSAM Alex,Włochy,128,120.5,249,16
31,KOS Lovro,Słowenia,130.5,0,130.5,16
32,PASCHKE Pius,Niemcy,123.5,0,130.4,16
33,OESTVOLD Benjamin,Norwegia,129.5,0,128.9,16
34,BELSHAW Erik,USA,124.5,0,128.1,16
34,ZNISZCZOŁ Aleksander,Polska,127,0,128.1,16
36,OBLAK Rok,Słowenia,126,0,125.4,16
37,VALTO Kasperi ,Finlandia,124.5,0,122.9,16
38,KOBAYASHI Junshiro,Japonia,122.5,0,122,16
39,WASSER Yanick,Szwajcaria,122,0,121.3,16
40,KOBAYASHI Sakutaro,Japonia,121.5,0,117,16
41,SCHMID Constantin,Niemcy,119,0,114.6,16
42,HOFFMANN Felix,Niemcy,119,0,111.7,16
43,MIZIERNYCH Ilja,Kazachstan,119.5,0,111.3,16
44,TRUNZ Felix,Szwajcaria,117.5,0,110.8,16
45,KOUDELKA Roman,Czechy,117.5,0,108.4,16
46,KYTOSAHO Niko,Finlandia,116.5,0,104.2,16
47,MARUSIAK Jewhen,Ukraina,115.5,0,103,16
DSQ,WASILJEW Danił,Kazachstan,0,0,0,16
DSQ,WOLNY Jakub,Polska,0,0,0,16
DSQ,SATO Keiichi,Japonia,0,0,0,16
1,ZAJC Timi,Słowenia,222,233,453.7,17
2,FORFANG Johann Andre,Norwegia,221.5,235,448.6,17
3,PREVC Domen,Słowenia,217,231.5,444.9,17
4,TSCHOFENIG Daniel ,Austria,215.5,230.5,444.1,17
5,KOBAYASHI Ryoyu,Japonia,220,214.5,424.3,17
6,ORTNER Maximilian,Austria,208.5,218.5,422.5,17
7,HAYBOECK Michael,Austria,206.5,229,420.5,17
8,LANISEK Anze,Słowenia,209.5,213,420.1,17
9,NAKAMURA Naoki,Japonia,226.5,215,416.5,17
10,GEIGER Karl,Niemcy,195.5,224.5,410.2,17
11,DESCHWANDEN Gregor,Szwajcaria,199,222.5,410.1,17
12,HOERL Jan,Austria,196.5,221.5,409.8,17
13,FRANTZ Tate,USA,212,204,407.1,17
14,WELLINGER Andreas,Niemcy,207,199.5,404.5,17
15,FETTNER Manuel,Austria,202,214.5,402.7,17
16,MARUSIAK Jewhen,Ukraina,215.5,218,402.4,17
17,ŻYŁA Piotr,Polska,205.5,215,400.6,17
18,PASCHKE Pius,Niemcy,196.5,207,392.5,17
19,OESTVOLD Benjamin,Norwegia,199,203.5,385.4,17
20,RAIMUND Philipp,Niemcy,197,206,384,17
21,ZOGRAFSKI Władimir,Bułgaria,192.5,212,383.7,17
22,WOLNY Jakub,Polska,205,206.5,382,17
23,KOS Lovro,Słowenia,190,209.5,381.2,17
24,NIKAIDO Ren,Japonia,198.5,202,379.5,17
25,BICKNER Kevin,USA,201.5,197.5,378.7,17
26,GRANERUD Halvor Egner,Norwegia,191.5,198,375.9,17
27,FOUBERT Valentin,Francja,193,187,361.3,17
28,ZNISZCZOŁ Aleksander,Polska,191.5,182,343.5,17
29,KRAFT Stefan,Austria,203,0,202.8,17
30,SUNDAL Kristoffer Eriksen,Norwegia,197.5,0,196.5,17
31,HOFFMANN Felix,Niemcy,187,0,176.8,17
32,STOCH Kamil,Polska,186.5,0,174.8,17
33,VALTO Kasperi ,Finlandia,188.5,0,174.2,17
34,INSAM Alex,Włochy,194.5,0,174.1,17
35,WĄSEK Paweł,Polska,179,0,174,17
36,KYTOSAHO Niko,Finlandia,188.5,0,169.2,17
37,AALTO Antti,Finlandia,179,0,165.7,17
38,SATO Keiichi,Japonia,178.5,0,161.9,17
38,LARSON Casey,USA,177.5,0,161.9,17
DSQ,AIGRO Artti,Estonia,0,0,0,17
1,PREVC Domen,Słowenia,226.5,231.5,436.8,18
2,FORFANG Johann Andre,Norwegia,220,223,433.2,18
3,HAYBOECK Michael,Austria,220,229.5,429.1,18
4,WĄSEK Paweł,Polska,222,233,426,18
5,HOERL Jan,Austria,221,229,424.6,18
6,TSCHOFENIG Daniel ,Austria,214.5,233.5,422.7,18
7,LINDVIK Marius,Norwegia,224,227,421.2,18
8,SUNDAL Kristoffer Eriksen,Norwegia,214.5,219,420.7,18
9,DESCHWANDEN Gregor,Szwajcaria,234.5,213.5,418.1,18
10,KRAFT Stefan,Austria,231,218,416.1,18
11,GEIGER Karl,Niemcy,222,223,414.7,18
12,ZAJC Timi,Słowenia,214.5,220.5,412.2,18
13,KOBAYASHI Ryoyu,Japonia,198.5,227.5,405.5,18
14,FRANTZ Tate,USA,219,216,404.4,18
15,ZNISZCZOŁ Aleksander,Polska,220,228,402.8,18
16,NAKAMURA Naoki,Japonia,205,213,398.9,18
17,AIGRO Artti,Estonia,213,209.5,393.8,18
18,ŻYŁA Piotr,Polska,196,214.5,387.7,18
19,WELLINGER Andreas,Niemcy,204.5,198,386.9,18
20,FETTNER Manuel,Austria,191,217,386.4,18
21,PASCHKE Pius,Niemcy,193.5,209.5,376.9,18
22,MARUSIAK Jewhen,Ukraina,210.5,206,376.2,18
23,OESTVOLD Benjamin,Norwegia,202,208,374.8,18
24,BICKNER Kevin,USA,197.5,214,373.4,18
25,NIKAIDO Ren,Japonia,210,212.5,371.6,18
26,AALTO Antti,Finlandia,211,183.5,362.6,18
27,RAIMUND Philipp,Niemcy,203.5,211.5,362.4,18
28,GRANERUD Halvor Egner,Norwegia,196,192,359.4,18
29,VALTO Kasperi ,Finlandia,205.5,190,353.9,18
30,BELSHAW Erik,USA,200,183,341.2,18
31,ORTNER Maximilian,Austria,191,0,176.3,18
32,WOLNY Jakub,Polska,183.5,0,175.9,18
33,HOFFMANN Felix,Niemcy,197,0,175.2,18
34,KYTOSAHO Niko,Finlandia,192.5,0,172.7,18
35,FOUBERT Valentin,Francja,194.5,0,171.6,18
36,ZOGRAFSKI Władimir,Bułgaria,202,0,169.6,18
37,KOBAYASHI Sakutaro,Japonia,187.5,0,164.1,18
38,KOBAYASHI Junshiro,Japonia,181,0,159.8,18
DSQ,KOS Lovro,Słowenia,0,0,0,18
DSQ,LANISEK Anze,Słowenia,0,0,0,18
1,TSCHOFENIG Daniel ,Austria,135.5,142,288.9,19
2,LANISEK Anze,Słowenia,142,139.5,284.9,19
3,ORTNER Maximilian,Austria,135.5,140.5,275.9,19
4,FORFANG Johann Andre,Norwegia,134.5,131,262.1,19
5,OESTVOLD Benjamin,Norwegia,139,131,261.2,19
6,HOERL Jan,Austria,126,139.5,261,19
7,KOBAYASHI Ryoyu,Japonia,135,134.5,259.2,19
7,SUNDAL Kristoffer Eriksen,Norwegia,135,133.5,259.2,19
9,KOS Lovro,Słowenia,140,137,258.3,19
10,BICKNER Kevin,USA,140,133.5,258.2,19
11,GRANERUD Halvor Egner,Norwegia,137.5,135.5,257.4,19
12,KRAFT Stefan,Austria,129,132.5,252.9,19
13,ZAJC Timi,Słowenia,135.5,130.5,251.5,19
14,KUBACKI Dawid,Polska,139.5,127,249.1,19
15,HOFFMANN Felix,Niemcy,134.5,137,248.8,19
16,FRANTZ Tate,USA,132,135,245.8,19
17,WELLINGER Andreas,Niemcy,126.5,133,242.7,19
18,BELSHAW Erik,USA,137,126.5,237.6,19
19,WĄSEK Paweł,Polska,130.5,128,237.1,19
20,DESCHWANDEN Gregor,Szwajcaria,125,131,236.8,19
21,MUELLER Markus,Austria,130,129.5,234.7,19
22,PEDERSEN Robin,Norwegia,137,130,234.3,19
23,INSAM Alex,Włochy,138,127,234.1,19
24,SATO Keiichi,Japonia,134.5,125.5,233.2,19
25,KOBAYASHI Sakutaro,Japonia,146,118,232.9,19
26,WOLNY Jakub,Polska,135,121,232.5,19
27,PASCHKE Pius,Niemcy,123.5,122,228.4,19
28,ŻYŁA Piotr,Polska,140,119.5,228.1,19
29,OBLAK Rok,Słowenia,132,117.5,211.1,19
30,NIKAIDO Ren,Japonia,124,111,196.5,19
31,PREVC Domen,Słowenia,124,0,108.1,19
32,HAYBOECK Michael,Austria,125,0,107.7,19
32,KYTOSAHO Niko,Finlandia,131,0,107.7,19
34,RAIMUND Philipp,Niemcy,128,0,106.7,19
35,ZOGRAFSKI Władimir,Bułgaria,119.5,0,104.8,19
36,WASSER Yanick,Szwajcaria,132.5,0,103.3,19
37,AIGRO Artti,Estonia,125.5,0,100.9,19
38,LEYHE Stephan,Niemcy,125.5,0,99.9,19
39,FOUBERT Valentin,Francja,120,0,99.6,19
40,ZNISZCZOŁ Aleksander,Polska,122,0,98.6,19
41,MARUSIAK Jewhen,Ukraina,127,0,94.5,19
42,SCHMID Constantin,Niemcy,124,0,93.9,19
43,IPCIOGLU Fatih Arda,Turcja,126.5,0,92.4,19
44,GEIGER Karl,Niemcy,114.5,0,92.1,19
45,PEIER Killian,Szwajcaria,116,0,91.2,19
46,KALINICZENKO Witalij,Ukraina,126,0,90.5,19
47,MILESI Enzo,Francja,121,0,89.9,19
48,EISENBICHLER Markus,Niemcy,123.5,0,89.7,19
49,LINDVIK Marius,Norwegia,113,0,77.2,19
50,LARSON Casey,USA,112,0,58,19
1,TSCHOFENIG Daniel ,Austria,150,148,310.5,20
2,FORFANG Johann Andre,Norwegia,147,152,305.1,20
3,HOERL Jan,Austria,144,148.5,289.5,20
4,KRAFT Stefan,Austria,143,144.5,287.9,20
5,ORTNER Maximilian,Austria,139,149,286.5,20
6,SUNDAL Kristoffer Eriksen,Norwegia,141.5,145.5,283.9,20
7,KOBAYASHI Ryoyu,Japonia,140.5,146,282.2,20
8,LANISEK Anze,Słowenia,141,139,275.8,20
9,GRANERUD Halvor Egner,Norwegia,138.5,138.5,270.9,20
10,FRANTZ Tate,USA,132.5,142,270.5,20
11,DESCHWANDEN Gregor,Szwajcaria,139.5,139,269.6,20
12,WELLINGER Andreas,Niemcy,142,138.5,269.2,20
13,PREVC Domen,Słowenia,134,140,268.8,20
14,LINDVIK Marius,Norwegia,136,140,265.7,20
15,RAIMUND Philipp,Niemcy,136,133.5,264.7,20
16,ZAJC Timi,Słowenia,133,144.5,263.5,20
17,WĄSEK Paweł,Polska,139,136.5,260.8,20
18,HAYBOECK Michael,Austria,134,140,260.6,20
19,SATO Yukiya,Japonia,136,136.5,257,20
20,MUELLER Markus,Austria,132,139,253.8,20
21,BELSHAW Erik,USA,134.5,137,249.7,20
22,KUBACKI Dawid,Polska,136.5,131,249.5,20
23,NIKAIDO Ren,Japonia,135.5,128,248.5,20
24,OESTVOLD Benjamin,Norwegia,125.5,138,247.1,20
25,MARUSIAK Jewhen,Ukraina,139,131.5,246.5,20
26,PEDERSEN Robin,Norwegia,132,136,245.2,20
27,NAKAMURA Naoki,Japonia,128.5,136,242,20
28,ZOGRAFSKI Władimir,Bułgaria,128,134.5,241.7,20
29,KOBAYASHI Sakutaro,Japonia,131,131.5,236.9,20
30,AIGRO Artti,Estonia,128,130.5,236.5,20
31,PASCHKE Pius,Niemcy,130.5,0,114.7,20
32,INSAM Alex,Włochy,130,0,114.6,20
33,GEIGER Karl,Niemcy,129.5,0,113.6,20
34,FOUBERT Valentin,Francja,124,0,110.6,20
35,BICKNER Kevin,USA,125.5,0,109.2,20
36,KOS Lovro,Słowenia,126,0,108,20
37,PEIER Killian,Szwajcaria,125,0,106.2,20
38,OBLAK Rok,Słowenia,125.5,0,105.9,20
39,WOLNY Jakub,Polska,124,0,103.4,20
39,HOFFMANN Felix,Niemcy,123.5,0,103.4,20
41,MILESI Enzo,Francja,125.5,0,103.1,20
42,ZNISZCZOŁ Aleksander,Polska,121,0,102.8,20
43,SATO Keiichi,Japonia,120.5,0,100.1,20
44,IMHOF Remo,Szwajcaria,123.5,0,99.3,20
45,TITTEL Adrian,Niemcy,121.5,0,99.2,20
46,KYTOSAHO Niko,Finlandia,121,0,97.1,20
47,IPCIOGLU Fatih Arda,Turcja,122,0,95.5,20
48,ŻYŁA Piotr,Polska,121,0,95,20
49,KALINICZENKO Witalij,Ukraina,120,0,90.2,20
50,LARSON Casey,USA,111.5,0,75.6,20
1,FORFANG Johann Andre,Norwegia,130.5,121,259.5,21
2,HOERL Jan,Austria,125.5,122.5,256.6,21
3,TSCHOFENIG Daniel ,Austria,122.5,125,255,21
4,LINDVIK Marius,Norwegia,120,130,254.3,21
5,DESCHWANDEN Gregor,Szwajcaria,124,125.5,252.4,21
6,ORTNER Maximilian,Austria,124.5,119.5,252,21
7,LANISEK Anze,Słowenia,116.5,129,249.9,21
8,NIKAIDO Ren,Japonia,125.5,123,246.8,21
9,KRAFT Stefan,Austria,118.5,122,243.2,21
10,KOS Lovro,Słowenia,126,117,241.8,21
11,WĄSEK Paweł,Polska,120.5,124.5,241.3,21
12,MUELLER Markus,Austria,121,125.5,240.6,21
13,BICKNER Kevin,USA,125,118.5,240.3,21
14,PREVC Domen,Słowenia,120.5,124,239.7,21
15,AIGRO Artti,Estonia,119,123.5,235.9,21
16,WELLINGER Andreas,Niemcy,119,116.5,234.4,21
17,HAYBOECK Michael,Austria,124,110.5,233.8,21
18,MARUSIAK Jewhen,Ukraina,124,119,232.6,21
19,FRANTZ Tate,USA,118,119,228.6,21
20,KUBACKI Dawid,Polska,118,119,223.7,21
21,SUNDAL Kristoffer Eriksen,Norwegia,123.5,109.5,219,21
21,RAIMUND Philipp,Niemcy,113.5,117.5,219,21
23,FOUBERT Valentin,Francja,119,110.5,218,21
24,GEIGER Karl,Niemcy,119,113,217.7,21
25,ZNISZCZOŁ Aleksander,Polska,123,108.5,216.4,21
26,LEYHE Stephan,Niemcy,119.5,110.5,215.3,21
27,AALTO Antti,Finlandia,117,111.5,207.4,21
28,WASSER Yanick,Szwajcaria,115.5,110,205.2,21
29,BELSHAW Erik,USA,116,104.5,193.7,21
30,GRANERUD Halvor Egner,Norwegia,118.5,94.5,184.7,21
31,HOFFMANN Felix,Niemcy,117.5,0,106.6,21
32,IPCIOGLU Fatih Arda,Turcja,117.5,0,106.5,21
33,PEIER Killian,Szwajcaria,113.5,0,105.4,21
34,JANCAR Ziga,Słowenia,114.5,0,104.2,21
35,INSAM Alex,Włochy,116.5,0,104.1,21
35,SATO Yukiya,Japonia,114.5,0,104.1,21
37,PEDERSEN Robin,Norwegia,113,0,102,21
38,OBLAK Rok,Słowenia,114.5,0,101.9,21
39,NAKAMURA Naoki,Japonia,110,0,101.6,21
40,ŻYŁA Piotr,Polska,112.5,0,101.3,21
41,URLAUB Andrew,USA,114.5,0,101,21
42,OESTVOLD Benjamin,Norwegia,111.5,0,99.7,21
43,VALTO Kasperi ,Finlandia,111,0,98.5,21
44,WOLNY Jakub,Polska,109,0,98.4,21
45,LARSON Casey,USA,107,0,87.7,21
46,SATO Keiichi,Japonia,101,0,83.1,21
47,IMHOF Remo,Szwajcaria,101.5,0,78.3,21
48,WASILJEW Danił,Kazachstan,94,0,63,21
49,KOBAYASHI Sakutaro,Japonia,87,0,44.5,21
DSQ,COLBY Jason,USA,0,0,0,21
1,TSCHOFENIG Daniel ,Austria,127,132.5,275.1,22
2,HOERL Jan,Austria,128,131,269.1,22
3,LANISEK Anze,Słowenia,122.5,126.5,262.3,22
4,FORFANG Johann Andre,Norwegia,127,130,259.3,22
5,KOBAYASHI Ryoyu,Japonia,124.5,124.5,258.6,22
6,SUNDAL Kristoffer Eriksen,Norwegia,127,128.5,257.6,22
7,GRANERUD Halvor Egner,Norwegia,129.5,127,253.2,22
8,PREVC Domen,Słowenia,122,129.5,252.9,22
9,WĄSEK Paweł,Polska,124.5,125,250.8,22
10,NIKAIDO Ren,Japonia,126,122,248.7,22
11,WELLINGER Andreas,Niemcy,122.5,125,247.5,22
12,GEIGER Karl,Niemcy,123.5,124.5,246.1,22
13,WOLNY Jakub,Polska,124,124.5,245.1,22
14,BICKNER Kevin,USA,127.5,125.5,244.4,22
14,KRAFT Stefan,Austria,122.5,126,244.4,22
16,FRANTZ Tate,USA,123,126,244.1,22
17,ZNISZCZOŁ Aleksander,Polska,125.5,124,242.4,22
18,ŻYŁA Piotr,Polska,123,125,241.9,22
19,KOS Lovro,Słowenia,123,124.5,239.8,22
20,LINDVIK Marius,Norwegia,121,122,237.6,22
21,DESCHWANDEN Gregor,Szwajcaria,118.5,123.5,236.6,22
22,AIGRO Artti,Estonia,123.5,120.5,233.8,22
23,HAYBOECK Michael,Austria,118.5,121.5,233.2,22
24,PEDERSEN Robin,Norwegia,124.5,120,232.6,22
25,MUELLER Markus,Austria,123.5,120,231.7,22
26,LEYHE Stephan,Niemcy,122.5,118,231.2,22
27,ORTNER Maximilian,Austria,117.5,117.5,226.2,22
28,RAIMUND Philipp,Niemcy,119.5,123,226.1,22
29,KUBACKI Dawid,Polska,119.5,118.5,218.5,22
30,INSAM Alex,Włochy,118,116,214.6,22
31,PEIER Killian,Szwajcaria,120.5,111.5,207.7,22
32,HOFFMANN Felix,Niemcy,120.5,0,109.5,22
33,OESTVOLD Benjamin,Norwegia,118,0,109.2,22
33,MARUSIAK Jewhen,Ukraina,118.5,0,109.2,22
35,SATO Keiichi,Japonia,117,0,106.3,22
36,AALTO Antti,Finlandia,116.5,0,106.2,22
37,JANCAR Ziga,Słowenia,118,0,105.1,22
38,WASSER Yanick,Szwajcaria,117.5,0,104.4,22
39,BELSHAW Erik,USA,115.5,0,103.3,22
40,LARSON Casey,USA,117,0,103.2,22
41,URLAUB Andrew,USA,115,0,101.9,22
42,OBLAK Rok,Słowenia,116.5,0,101.8,22
43,SATO Yukiya,Japonia,115,0,101.5,22
44,VALTO Kasperi ,Finlandia,115,0,97.4,22
45,COLBY Jason,USA,113,0,94.7,22
46,IPCIOGLU Fatih Arda,Turcja,112,0,94.5,22
47,WASILJEW Danił,Kazachstan,110.5,0,91.3,22
48,NAKAMURA Naoki,Japonia,109.5,0,90.5,22
49,KOBAYASHI Sakutaro,Japonia,107.5,0,87.6,22
50,DEAN Decker,USA,98.5,0,70.1,22
1,KOBAYASHI Ryoyu,Japonia,137,136.5,286.4,23
2,HOERL Jan,Austria,136.5,137.5,266.7,23
3,PREVC Domen,Słowenia,137.5,135.5,266.2,23
4,TSCHOFENIG Daniel ,Austria,136.5,137,266.1,23
5,LINDVIK Marius,Norwegia,132,135.5,264.7,23
6,KRAFT Stefan,Austria,134,135.5,260,23
7,SUNDAL Kristoffer Eriksen,Norwegia,134.5,129.5,251.6,23
8,FETTNER Manuel,Austria,136,130.5,247.9,23
9,NIKAIDO Ren,Japonia,132.5,128.5,242.4,23
10,NAKAMURA Naoki,Japonia,129,134.5,241.8,23
11,AIGRO Artti,Estonia,135.5,129,241.6,23
12,PEDERSEN Robin,Norwegia,120.5,128.5,234.4,23
13,FOUBERT Valentin,Francja,130.5,129.5,234.1,23
14,FORFANG Johann Andre,Norwegia,114,131.5,232.9,23
15,INSAM Alex,Włochy,122,128,231.2,23
16,ORTNER Maximilian,Austria,127.5,120.5,230.7,23
17,DESCHWANDEN Gregor,Szwajcaria,131,124,230.5,23
18,BICKNER Kevin,USA,131,126.5,227.8,23
19,WĄSEK Paweł,Polska,118,126,227,23
20,OESTVOLD Benjamin,Norwegia,130,125,225.8,23
21,KOBAYASHI Sakutaro,Japonia,123.5,126.5,224.3,23
22,STOCH Kamil,Polska,122,125.5,222.4,23
23,PASCHKE Pius,Niemcy,131.5,119.5,217.7,23
24,WELLINGER Andreas,Niemcy,125.5,113,216.4,23
25,KOT Maciej,Polska,130,116,215.5,23
26,NOUSIAINEN Eetu,Finlandia,125.5,120,211.7,23
27,KOS Lovro,Słowenia,117,123,206.2,23
28,MUELLER Markus,Austria,120,121,205.5,23
29,LEYHE Stephan,Niemcy,118,118.5,202.5,23
30,URLAUB Andrew,USA,123,110.5,186.2,23
31,KOBAYASHI Junshiro,Japonia,115,0,91.8,23
32,KOUDELKA Roman,Czechy,117,0,90.3,23
33,NAITO Tomofumi,Japonia,113,0,89.6,23
34,BELSHAW Erik,USA,116.5,0,88.9,23
35,PEIER Killian,Szwajcaria,115,0,88.2,23
36,JUROSZEK Kacper,Polska,119,0,87.4,23
37,TITTEL Adrian,Niemcy,112.5,0,86.7,23
38,VALTO Kasperi ,Finlandia,115,0,86.6,23
39,ZAJC Timi,Słowenia,111,0,86,23
40,SATO Yukiya,Japonia,111.5,0,84.8,23
41,OBLAK Rok,Słowenia,113.5,0,83.4,23
42,HOFFMANN Felix,Niemcy,105.5,0,79.9,23
43,SATO Keiichi,Japonia,106.5,0,79.6,23
44,KYTOSAHO Niko,Finlandia,112,0,79.2,23
45,JOHANSSON Robert,Norwegia,110,0,75.5,23
46,LARSON Casey,USA,110.5,0,74.3,23
47,WASILJEW Danił,Kazachstan,101,0,64.7,23
48,BEDIR Muhammed Ali,Turcja,102.5,0,55.1,23
49,ZHEN Weijie,Chiny,97,0,43.1,23
50,TAKEUCHI Taku,Japonia,86,0,35.5,23
1,KOBAYASHI Ryoyu,Japonia,132,137,278.4,24
2,LINDVIK Marius,Norwegia,136,131,274.2,24
3,FORFANG Johann Andre,Norwegia,129,136,268.7,24
4,TSCHOFENIG Daniel ,Austria,127,130,262.1,24
5,KRAFT Stefan,Austria,127,131,261.2,24
6,HOERL Jan,Austria,127,127,254.6,24
7,ORTNER Maximilian,Austria,126,126,249,24
8,PREVC Domen,Słowenia,129.5,124,248.9,24
9,WELLINGER Andreas,Niemcy,129,121.5,248.7,24
10,ZAJC Timi,Słowenia,120.5,138,248.1,24
11,FETTNER Manuel,Austria,125,126,244.3,24
12,SUNDAL Kristoffer Eriksen,Norwegia,121,131,240,24
13,BICKNER Kevin,USA,123.5,131,239,24
14,NIKAIDO Ren,Japonia,126,121.5,238.8,24
15,NAKAMURA Naoki,Japonia,121.5,131,238.5,24
16,STOCH Kamil,Polska,126.5,122.5,236.2,24
17,WĄSEK Paweł,Polska,122.5,124,234.2,24
18,PEIER Killian,Szwajcaria,123,127.5,229.3,24
19,INSAM Alex,Włochy,125,121.5,229,24
20,FOUBERT Valentin,Francja,120,128.5,227.9,24
21,KOBAYASHI Sakutaro,Japonia,119,127,226.4,24
22,SATO Yukiya,Japonia,123.5,125,224.1,24
23,JOHANSSON Robert,Norwegia,121.5,125.5,223,24
24,LEYHE Stephan,Niemcy,120.5,122,221.3,24
24,KOT Maciej,Polska,123.5,121,221.3,24
26,HOFFMANN Felix,Niemcy,120,123,217.5,24
27,AIGRO Artti,Estonia,117.5,115.5,212.4,24
28,DESCHWANDEN Gregor,Szwajcaria,118.5,117.5,211.9,24
29,PEDERSEN Robin,Norwegia,120,115.5,210.6,24
29,NOUSIAINEN Eetu,Finlandia,120.5,116,210.6,24
31,PASCHKE Pius,Niemcy,117.5,0,101,24
32,NAITO Tomofumi,Japonia,117.5,0,99.8,24
33,WASSER Yanick,Szwajcaria,117.5,0,99.2,24
34,KOBAYASHI Junshiro,Japonia,116.5,0,98.7,24
35,KOS Lovro,Słowenia,114.5,0,97.5,24
36,BELSHAW Erik,USA,115,0,96.8,24
37,MUELLER Markus,Austria,114,0,96.1,24
38,OESTVOLD Benjamin,Norwegia,111.5,0,94,24
39,LARSON Casey,USA,111.5,0,90.6,24
40,KOUDELKA Roman,Czechy,111,0,87.7,24
41,KYTOSAHO Niko,Finlandia,112,0,86.4,24
42,AALTO Antti,Finlandia,111.5,0,85.1,24
43,OBLAK Rok,Słowenia,109,0,84.8,24
44,TITTEL Adrian,Niemcy,110.5,0,81.5,24
45,KASAI Noriaki,Japonia,105,0,75.4,24
46,SATO Keiichi,Japonia,107.5,0,74.9,24
47,JUROSZEK Kacper,Polska,104,0,73.1,24
48,TAKEUCHI Taku,Japonia,100.5,0,72,24
49,WASILJEW Danił,Kazachstan,101.5,0,66.4,24
50,VALTO Kasperi ,Finlandia,95,0,58.1,24
